historical_export,historical_source_symbol,baseline_declaration_mentions_name,implementation_strategy,source,acceptance,notes
LEGACY_VERSION,VERSION,false,conditional-public-re-export,angular/components@16.2.14 src/material/legacy-core/public-api.ts,strict packed consumer import; full signature and runtime identity/behavior test as applicable,"Historical true alias: re-export current public @angular/material/core VERSION as LEGACY_VERSION so runtime identity/meaning remains the peer Material version. If needed, add separately named NGX_MATERIAL_LEGACY_VERSION for this package."
LegacyAnimationCurves,AnimationCurves,false,owned-engine-independent-constants,angular/components@16.2.14 src/material/legacy-core/public-api.ts,strict packed consumer import; full signature and runtime identity/behavior test as applicable,Preserve numeric/string constants without an animation engine.
LegacyAnimationDurations,AnimationDurations,false,owned-engine-independent-constants,angular/components@16.2.14 src/material/legacy-core/public-api.ts,strict packed consumer import; full signature and runtime identity/behavior test as applicable,Preserve numeric/string constants without an animation engine.
MatLegacyCommonModule,MatCommonModule,false,owned-compatible-or-documented-exception,angular/components@16.2.14 src/material/legacy-core/public-api.ts,strict packed consumer import; full signature and runtime identity/behavior test as applicable,"No public counterpart established in inspected current common-behaviors surface; preserve meaningful sanity/common behavior, not a silent dummy."
MATERIAL_LEGACY_SANITY_CHECKS,MATERIAL_SANITY_CHECKS,false,owned-compatible-or-documented-exception,angular/components@16.2.14 src/material/legacy-core/public-api.ts,strict packed consumer import; full signature and runtime identity/behavior test as applicable,"No public counterpart established in inspected current common-behaviors surface; preserve meaningful sanity/common behavior, not a silent dummy."
LegacySanityChecks,SanityChecks,false,owned-compatible-or-documented-exception,angular/components@16.2.14 src/material/legacy-core/public-api.ts,strict packed consumer import; full signature and runtime identity/behavior test as applicable,"No public counterpart established in inspected current common-behaviors surface; preserve meaningful sanity/common behavior, not a silent dummy."
LegacyGranularSanityChecks,GranularSanityChecks,false,owned-compatible-or-documented-exception,angular/components@16.2.14 src/material/legacy-core/public-api.ts,strict packed consumer import; full signature and runtime identity/behavior test as applicable,"No public counterpart established in inspected current common-behaviors surface; preserve meaningful sanity/common behavior, not a silent dummy."
LegacyCanDisable,CanDisable,false,owned-small-helper,angular/components@16.2.14 src/material/legacy-core/public-api.ts,strict packed consumer import; full signature and runtime identity/behavior test as applicable,Removed behavior helpers; do not depend on current private _ErrorStateTracker. Preserve generic constraints/defaults/initialization timing.
legacyMixinDisabled,mixinDisabled,false,owned-small-helper,angular/components@16.2.14 src/material/legacy-core/public-api.ts,strict packed consumer import; full signature and runtime identity/behavior test as applicable,Removed behavior helpers; do not depend on current private _ErrorStateTracker. Preserve generic constraints/defaults/initialization timing.
LegacyCanColor,CanColor,false,owned-small-helper,angular/components@16.2.14 src/material/legacy-core/public-api.ts,strict packed consumer import; full signature and runtime identity/behavior test as applicable,Removed behavior helpers; do not depend on current private _ErrorStateTracker. Preserve generic constraints/defaults/initialization timing.
legacyMixinColor,mixinColor,false,owned-small-helper,angular/components@16.2.14 src/material/legacy-core/public-api.ts,strict packed consumer import; full signature and runtime identity/behavior test as applicable,Removed behavior helpers; do not depend on current private _ErrorStateTracker. Preserve generic constraints/defaults/initialization timing.
LegacyThemePalette,ThemePalette,false,owned-structural-type,angular/components@16.2.14 src/material/legacy-core/public-api.ts,strict packed consumer import; full signature and runtime identity/behavior test as applicable,Own the historical type locally as 'primary' | 'accent' | 'warn' | undefined so future upstream M2-oriented type changes/removal cannot break the contract. Preserve historical runtime color permissiveness separately: arbitrary coerced strings such as 'none' still produce the corresponding .mat-none class rather than runtime rejection.
LegacyCanDisableRipple,CanDisableRipple,false,owned-small-helper,angular/components@16.2.14 src/material/legacy-core/public-api.ts,strict packed consumer import; full signature and runtime identity/behavior test as applicable,Removed behavior helpers; do not depend on current private _ErrorStateTracker. Preserve generic constraints/defaults/initialization timing.
legacyMixinDisableRipple,mixinDisableRipple,false,owned-small-helper,angular/components@16.2.14 src/material/legacy-core/public-api.ts,strict packed consumer import; full signature and runtime identity/behavior test as applicable,Removed behavior helpers; do not depend on current private _ErrorStateTracker. Preserve generic constraints/defaults/initialization timing.
LegacyHasTabIndex,HasTabIndex,false,owned-small-helper,angular/components@16.2.14 src/material/legacy-core/public-api.ts,strict packed consumer import; full signature and runtime identity/behavior test as applicable,Removed behavior helpers; do not depend on current private _ErrorStateTracker. Preserve generic constraints/defaults/initialization timing.
legacyMixinTabIndex,mixinTabIndex,false,owned-small-helper,angular/components@16.2.14 src/material/legacy-core/public-api.ts,strict packed consumer import; full signature and runtime identity/behavior test as applicable,Removed behavior helpers; do not depend on current private _ErrorStateTracker. Preserve generic constraints/defaults/initialization timing.
LegacyCanUpdateErrorState,CanUpdateErrorState,false,owned-small-helper,angular/components@16.2.14 src/material/legacy-core/public-api.ts,strict packed consumer import; full signature and runtime identity/behavior test as applicable,Removed behavior helpers; do not depend on current private _ErrorStateTracker. Preserve generic constraints/defaults/initialization timing.
legacyMixinErrorState,mixinErrorState,false,owned-small-helper,angular/components@16.2.14 src/material/legacy-core/public-api.ts,strict packed consumer import; full signature and runtime identity/behavior test as applicable,Removed behavior helpers; do not depend on current private _ErrorStateTracker. Preserve generic constraints/defaults/initialization timing.
LegacyHasInitialized,HasInitialized,false,owned-small-helper,angular/components@16.2.14 src/material/legacy-core/public-api.ts,strict packed consumer import; full signature and runtime identity/behavior test as applicable,Removed behavior helpers; do not depend on current private _ErrorStateTracker. Preserve generic constraints/defaults/initialization timing.
legacyMixinInitialized,mixinInitialized,false,owned-small-helper,angular/components@16.2.14 src/material/legacy-core/public-api.ts,strict packed consumer import; full signature and runtime identity/behavior test as applicable,Removed behavior helpers; do not depend on current private _ErrorStateTracker. Preserve generic constraints/defaults/initialization timing.
MAT_LEGACY_DATE_LOCALE,MAT_DATE_LOCALE,false,conditional-public-re-export,angular/components@16.2.14 src/material/legacy-core/public-api.ts,strict packed consumer import; full signature and runtime identity/behavior test as applicable,Prefer real upstream identity; document upstream date behavior changes rather than promise v16 rendering.
MAT_LEGACY_DATE_LOCALE_FACTORY,MAT_DATE_LOCALE_FACTORY,false,conditional-public-re-export,angular/components@16.2.14 src/material/legacy-core/public-api.ts,strict packed consumer import; full signature and runtime identity/behavior test as applicable,Verify public factory status. Preserve shared MAT_DATE_LOCALE identity; implement owned public-compatible factory only if needed.
LegacyDateAdapter,DateAdapter,false,conditional-public-re-export,angular/components@16.2.14 src/material/legacy-core/public-api.ts,strict packed consumer import; full signature and runtime identity/behavior test as applicable,Prefer real upstream identity; document upstream date behavior changes rather than promise v16 rendering.
MatLegacyDateFormats,MatDateFormats,false,conditional-public-re-export,angular/components@16.2.14 src/material/legacy-core/public-api.ts,strict packed consumer import; full signature and runtime identity/behavior test as applicable,Prefer real upstream identity; document upstream date behavior changes rather than promise v16 rendering.
MAT_LEGACY_DATE_FORMATS,MAT_DATE_FORMATS,false,conditional-public-re-export,angular/components@16.2.14 src/material/legacy-core/public-api.ts,strict packed consumer import; full signature and runtime identity/behavior test as applicable,Prefer real upstream identity; document upstream date behavior changes rather than promise v16 rendering.
LegacyNativeDateAdapter,NativeDateAdapter,false,conditional-public-re-export,angular/components@16.2.14 src/material/legacy-core/public-api.ts,strict packed consumer import; full signature and runtime identity/behavior test as applicable,Prefer real upstream identity; document upstream date behavior changes rather than promise v16 rendering.
MAT_LEGACY_NATIVE_DATE_FORMATS,MAT_NATIVE_DATE_FORMATS,false,conditional-public-re-export,angular/components@16.2.14 src/material/legacy-core/public-api.ts,strict packed consumer import; full signature and runtime identity/behavior test as applicable,Prefer real upstream identity; document upstream date behavior changes rather than promise v16 rendering.
LegacyNativeDateModule,NativeDateModule,false,conditional-public-re-export,angular/components@16.2.14 src/material/legacy-core/public-api.ts,strict packed consumer import; full signature and runtime identity/behavior test as applicable,Prefer real upstream identity; document upstream date behavior changes rather than promise v16 rendering.
MatLegacyNativeDateModule,MatNativeDateModule,false,conditional-public-re-export,angular/components@16.2.14 src/material/legacy-core/public-api.ts,strict packed consumer import; full signature and runtime identity/behavior test as applicable,Prefer real upstream identity; document upstream date behavior changes rather than promise v16 rendering.
LegacyShowOnDirtyErrorStateMatcher,ShowOnDirtyErrorStateMatcher,false,conditional-public-re-export,angular/components@16.2.14 src/material/legacy-core/public-api.ts,strict packed consumer import; full signature and runtime identity/behavior test as applicable,Actual alias rather than cloned token/class when compatible.
LegacyErrorStateMatcher,ErrorStateMatcher,false,conditional-public-re-export,angular/components@16.2.14 src/material/legacy-core/public-api.ts,strict packed consumer import; full signature and runtime identity/behavior test as applicable,Actual alias rather than cloned token/class when compatible.
MatLegacyLine,MatLine,false,conditional-public-re-export,angular/components@16.2.14 src/material/legacy-core/public-api.ts,strict packed consumer import; full signature and runtime identity/behavior test as applicable,Actual alias rather than cloned token/class when compatible.
legacySetLines,setLines,false,owned-small-helper,angular/components@16.2.14 src/material/legacy-core/public-api.ts,strict packed consumer import; full signature and runtime identity/behavior test as applicable,Use the same owned QueryList/class helper in public alias and both legacy-list runtime consumers. S24 is docs-private; S25 is historical behavior.
MatLegacyLineModule,MatLineModule,false,conditional-public-re-export,angular/components@16.2.14 src/material/legacy-core/public-api.ts,strict packed consumer import; full signature and runtime identity/behavior test as applicable,Actual alias rather than cloned token/class when compatible.
LegacyRippleGlobalOptions,RippleGlobalOptions,false,conditional-public-re-export,angular/components@16.2.14 src/material/legacy-core/public-api.ts,strict packed consumer import; full signature and runtime identity/behavior test as applicable,Conditional re-export with observed legacy ripple contract; preserve shared global token identity.
MAT_LEGACY_RIPPLE_GLOBAL_OPTIONS,MAT_RIPPLE_GLOBAL_OPTIONS,false,conditional-public-re-export,angular/components@16.2.14 src/material/legacy-core/public-api.ts,strict packed consumer import; full signature and runtime identity/behavior test as applicable,Actual alias rather than cloned token/class when compatible.
MatLegacyRipple,MatRipple,false,conditional-public-re-export,angular/components@16.2.14 src/material/legacy-core/public-api.ts,strict packed consumer import; full signature and runtime identity/behavior test as applicable,Conditional re-export with observed legacy ripple contract; preserve shared global token identity.
LegacyRippleState,RippleState,false,conditional-public-re-export,angular/components@16.2.14 src/material/legacy-core/public-api.ts,strict packed consumer import; full signature and runtime identity/behavior test as applicable,Conditional re-export with observed legacy ripple contract; preserve shared global token identity. Reconcile with the F03 owned renderer: S26/S27 constructor/member and enum differences need explicit tests. Own the finite piece only if public reuse cannot preserve the contract without internal access; document alias identity consequences.
LegacyRippleConfig,RippleConfig,false,conditional-public-re-export,angular/components@16.2.14 src/material/legacy-core/public-api.ts,strict packed consumer import; full signature and runtime identity/behavior test as applicable,Conditional re-export with observed legacy ripple contract; preserve shared global token identity.
LegacyRippleAnimationConfig,RippleAnimationConfig,false,conditional-public-re-export,angular/components@16.2.14 src/material/legacy-core/public-api.ts,strict packed consumer import; full signature and runtime identity/behavior test as applicable,Conditional re-export with observed legacy ripple contract; preserve shared global token identity.
LegacyRippleRef,RippleRef,false,conditional-public-re-export,angular/components@16.2.14 src/material/legacy-core/public-api.ts,strict packed consumer import; full signature and runtime identity/behavior test as applicable,Conditional re-export with observed legacy ripple contract; preserve shared global token identity. Reconcile with the F03 owned renderer: S26/S27 constructor/member and enum differences need explicit tests. Own the finite piece only if public reuse cannot preserve the contract without internal access; document alias identity consequences.
LegacyRippleTarget,RippleTarget,false,owned-structural-interface,angular/components@16.2.14 src/material/legacy-core/public-api.ts,strict packed consumer import; full signature and runtime identity/behavior test as applicable,Own the historical target contract from S23; current S21 interface is docs-private. Use the same owned boundary in chips/tabs and aliases.
legacyDefaultRippleAnimationConfig,defaultRippleAnimationConfig,false,owned-engine-independent-constants,angular/components@16.2.14 src/material/legacy-core/public-api.ts,strict packed consumer import; full signature and runtime identity/behavior test as applicable,Own the historical enterDuration=225 and exitDuration=150 value semantics with reference tests; no engine or private renderer dependency.
LegacyRippleRenderer,RippleRenderer,false,owned-finite-renderer,angular/components@16.2.14 src/material/legacy-core/public-api.ts,strict packed consumer import; full signature and runtime identity/behavior test as applicable,Own finite historical renderer plus required event/ref support (S23/S26); current S21 renderer is docs-private. Preserve constructors/methods and test cleanup; no private current ref access or any casts.
MatLegacyRippleModule,MatRippleModule,false,conditional-public-re-export,angular/components@16.2.14 src/material/legacy-core/public-api.ts,strict packed consumer import; full signature and runtime identity/behavior test as applicable,Conditional re-export with observed legacy ripple contract; preserve shared global token identity.
MatLegacyPseudoCheckboxState,MatPseudoCheckboxState,false,owned-structural-type,angular/components@16.2.14 src/material/legacy-core/public-api.ts,strict packed consumer import; full signature and runtime identity/behavior test as applicable,Own unchecked | checked | indeterminate; current type is docs-private (S20). No current upstream type re-export.
MatLegacyPseudoCheckbox,MatPseudoCheckbox,false,owned-legacy-component,angular/components@16.2.14 src/material/legacy-core/public-api.ts,strict packed consumer import; full signature and runtime identity/behavior test as applicable,"Own the S22 legacy decorative component; S20 is docs-private. Match runtime option/list uses, classes, motion and parent ARIA; test current-component CSS coexistence."
MatLegacyPseudoCheckboxModule,MatPseudoCheckboxModule,false,owned-legacy-module,angular/components@16.2.14 src/material/legacy-core/public-api.ts,strict packed consumer import; full signature and runtime identity/behavior test as applicable,"Own one module for the owned component, used by both public aliases and option/list runtime imports/exports. Do not alias current module as a loophole for S20."
